order_id,product_id,quantity,unit_price,ordered_at
1,A,1,100,2026-09-07T10:00:00+09:00
2,A,2,100,2026-09-07T10:01:00+09:00
3,A,3,100,2026-09-07T10:02:00+09:00
4,B,1,100,2026-09-07T10:03:00+09:00
5,B,2,100,2026-09-07T10:04:00+09:00
6,B,3,100,2026-09-07T10:05:00+09:00
7,A,4,100,2026-09-08T10:00:00+09:00
8,A,5,100,2026-09-08T10:01:00+09:00
9,B,4,100,2026-09-08T10:02:00+09:00
10,B,5,100,2026-09-08T10:03:00+09:00
11,B,6,100,2026-09-08T10:04:00+09:00
12,B,7,100,2026-09-08T10:05:00+09:00
13,A,1,100,2026-09-07T17:44:58+09:00
14,B,1,100,2026-09-07T17:45:04+09:00
15,A,5,100,2026-09-07T17:46:06+09:00
16,A,4,100,2026-09-08T17:20:27+09:00
17,A,6,100,2026-09-08T17:21:08+09:00
18,D,4,100,2026-09-10T17:25:36+09:00
19,C,6,100,2026-09-10T17:25:42+09:00
20,B,9,100,2026-09-10T17:25:52+09:00
